datetime,asset,social_volume_twitter,social_volume_reddit,social_volume_telegram,social_volume_bitcointalk,social_volume_total,price_usd
2021-09-01 00:00:00+00:00,DOT,122.0,680.0,208.0,31.0,1055.0,32.979432828377604
2021-09-02 00:00:00+00:00,DOT,93.0,520.0,156.0,35.0,812.0,31.81471206380832
2021-09-03 00:00:00+00:00,DOT,118.0,522.0,169.0,15.0,840.0,33.67427574022967
2021-09-04 00:00:00+00:00,DOT,167.0,653.0,149.0,14.0,988.0,32.41751392469705
2021-09-05 00:00:00+00:00,DOT,98.0,504.0,144.0,12.0,768.0,34.40878919840521
2021-09-06 00:00:00+00:00,DOT,127.0,529.0,130.0,9.0,804.0,34.31120385069346
2021-09-07 00:00:00+00:00,DOT,168.0,553.0,145.0,38.0,926.0,27.8257450933376
2021-09-08 00:00:00+00:00,DOT,195.0,404.0,126.0,14.0,761.0,27.70879342531492
2021-09-09 00:00:00+00:00,DOT,211.0,610.0,173.0,36.0,1076.0,29.83556910723783
2021-09-10 00:00:00+00:00,DOT,104.0,565.0,119.0,18.0,822.0,29.2153569218947
2021-09-11 00:00:00+00:00,DOT,252.0,486.0,127.0,11.0,883.0,31.59460238674787
2021-09-12 00:00:00+00:00,DOT,138.0,806.0,166.0,17.0,1148.0,35.77433627716672
2021-09-13 00:00:00+00:00,DOT,108.0,761.0,253.0,23.0,1176.0,34.76798855506147
2021-09-14 00:00:00+00:00,DOT,295.0,805.0,247.0,19.0,1419.0,37.37580130030671
2021-09-15 00:00:00+00:00,DOT,242.0,624.0,148.0,22.0,1053.0,36.46339316449973
2021-09-16 00:00:00+00:00,DOT,128.0,384.0,87.0,9.0,622.0,35.54755094323042
2021-09-17 00:00:00+00:00,DOT,141.0,372.0,70.0,24.0,608.0,33.021385952819
2021-09-18 00:00:00+00:00,DOT,128.0,561.0,93.0,20.0,805.0,34.89886624036304
2021-09-19 00:00:00+00:00,DOT,182.0,318.0,62.0,9.0,581.0,33.80133555757982
2021-09-20 00:00:00+00:00,DOT,332.0,385.0,125.0,14.0,878.0,28.05183069927829
2021-09-21 00:00:00+00:00,DOT,190.0,355.0,106.0,13.0,677.0,26.31650056562946
2021-09-22 00:00:00+00:00,DOT,1387.0,362.0,96.0,25.0,1893.0,31.61177325222191
2021-09-23 00:00:00+00:00,DOT,153.0,348.0,127.0,30.0,675.0,33.52523509756176
2021-09-24 00:00:00+00:00,DOT,132.0,292.0,96.0,30.0,555.0,30.84234538297287
2021-09-25 00:00:00+00:00,DOT,105.0,234.0,56.0,38.0,452.0,29.84318490970096
2021-09-26 00:00:00+00:00,DOT,85.0,289.0,69.0,18.0,466.0,28.828661781604062
2021-09-27 00:00:00+00:00,DOT,488.0,386.0,77.0,19.0,975.0,27.772103930881
2021-09-28 00:00:00+00:00,DOT,183.0,285.0,81.0,17.0,573.0,26.333827849605836
2021-09-29 00:00:00+00:00,DOT,72.0,274.0,97.0,18.0,473.0,27.27425506578886
2021-09-30 00:00:00+00:00,DOT,89.0,315.0,91.0,22.0,523.0,28.58061900325731
2021-10-01 00:00:00+00:00,DOT,139.0,295.0,113.0,10.0,585.0,31.96877705306679
2021-10-02 00:00:00+00:00,DOT,129.0,208.0,98.0,13.0,450.0,32.122107389688736
2021-10-03 00:00:00+00:00,DOT,134.0,316.0,101.0,2.0,573.0,32.105253810270845
2021-10-04 00:00:00+00:00,DOT,132.0,333.0,77.0,28.0,580.0,31.04212547496432
2021-10-05 00:00:00+00:00,DOT,168.0,300.0,96.0,31.0,595.0,31.42745744439209
2021-10-06 00:00:00+00:00,DOT,107.0,332.0,158.0,28.0,630.0,32.289612007374444
2021-10-07 00:00:00+00:00,DOT,83.0,406.0,227.0,28.0,757.0,33.97454928269898
2021-10-08 00:00:00+00:00,DOT,130.0,513.0,91.0,10.0,745.0,33.372893529692014
2021-10-09 00:00:00+00:00,DOT,193.0,605.0,181.0,30.0,1014.0,36.327403060580544
2021-10-10 00:00:00+00:00,DOT,147.0,629.0,107.0,9.0,899.0,34.4664175310414
2021-10-11 00:00:00+00:00,DOT,217.0,440.0,98.0,22.0,797.0,34.18463274190734
2021-10-12 00:00:00+00:00,DOT,240.0,464.0,136.0,20.0,871.0,35.15976714773911
2021-10-13 00:00:00+00:00,DOT,349.0,1395.0,406.0,23.0,2249.0,41.616930759453226
2021-10-14 00:00:00+00:00,DOT,422.0,794.0,191.0,37.0,1523.0,40.755101894897095
2021-10-15 00:00:00+00:00,DOT,708.0,563.0,165.0,28.0,1499.0,43.15711239041845
2021-10-16 00:00:00+00:00,DOT,348.0,537.0,117.0,15.0,1041.0,41.757627463628616
2021-10-17 00:00:00+00:00,DOT,431.0,439.0,114.0,17.0,1003.0,42.07395132363539
2021-10-18 00:00:00+00:00,DOT,251.0,537.0,92.0,17.0,912.0,41.18367031834624
2021-10-19 00:00:00+00:00,DOT,794.0,468.0,102.0,34.0,1436.0,41.384014832932905
2021-10-20 00:00:00+00:00,DOT,273.0,623.0,165.0,24.0,1098.0,44.34865482596729
2021-10-21 00:00:00+00:00,DOT,186.0,511.0,107.0,59.0,886.0,42.846519575189824
2021-10-22 00:00:00+00:00,DOT,194.0,701.0,161.0,15.0,1080.0,43.44936709740375
2021-10-23 00:00:00+00:00,DOT,135.0,476.0,104.0,24.0,749.0,44.0499714608164
2021-10-24 00:00:00+00:00,DOT,187.0,394.0,131.0,11.0,725.0,42.38565830724172
2021-10-25 00:00:00+00:00,DOT,400.0,423.0,107.0,30.0,960.0,44.526624334262294
2021-10-26 00:00:00+00:00,DOT,778.0,416.0,74.0,60.0,1336.0,44.88387385547211
2021-10-27 00:00:00+00:00,DOT,1041.0,409.0,135.0,20.0,1608.0,40.410452814440596
2021-10-28 00:00:00+00:00,DOT,354.0,407.0,124.0,28.0,929.0,41.861689796916934
2021-10-29 00:00:00+00:00,DOT,703.0,518.0,104.0,20.0,1367.0,44.07362357572666
2021-10-30 00:00:00+00:00,DOT,237.0,377.0,105.0,23.0,744.0,42.74783447044013
2021-10-31 00:00:00+00:00,DOT,321.0,351.0,91.0,34.0,799.0,42.74209597413433
2021-11-01 00:00:00+00:00,DOT,726.0,1438.0,369.0,31.0,2598.0,49.98225522299778
2021-11-02 00:00:00+00:00,DOT,1459.0,1080.0,238.0,34.0,2901.0,51.63135094538948
2021-11-03 00:00:00+00:00,DOT,1098.0,883.0,212.0,34.0,2265.0,53.44370281143061
2021-11-04 00:00:00+00:00,DOT,1636.0,791.0,262.0,31.0,2751.0,53.88173192189307
2021-11-05 00:00:00+00:00,DOT,1282.0,666.0,235.0,31.0,2249.0,51.894674407653184
2021-11-06 00:00:00+00:00,DOT,1265.0,623.0,193.0,24.0,2126.0,52.00921595392661
2021-11-07 00:00:00+00:00,DOT,1139.0,712.0,156.0,31.0,2068.0,52.27798012967674
2021-11-08 00:00:00+00:00,DOT,713.0,565.0,174.0,50.0,1539.0,53.34845939580623
2021-11-09 00:00:00+00:00,DOT,425.0,558.0,223.0,47.0,1265.0,50.779363042395985
2021-11-10 00:00:00+00:00,DOT,438.0,567.0,167.0,31.0,1238.0,46.87133056936566
2021-11-11 00:00:00+00:00,DOT,1377.0,431.0,175.0,16.0,2021.0,47.647623904705085
2021-11-12 00:00:00+00:00,DOT,1175.0,449.0,184.0,30.0,1851.0,45.88080702520755
2021-11-13 00:00:00+00:00,DOT,5206.0,361.0,144.0,28.0,5743.0,47.202867403007005
2021-11-14 00:00:00+00:00,DOT,2676.0,664.0,114.0,23.0,3492.0,46.40182326335714
2021-11-15 00:00:00+00:00,DOT,5021.0,798.0,150.0,19.0,6000.0,44.688715620628265
2021-11-16 00:00:00+00:00,DOT,3745.0,590.0,146.0,26.0,4522.0,40.8993158585513
2021-11-17 00:00:00+00:00,DOT,3792.0,515.0,118.0,24.0,4457.0,42.70829524037103
2021-11-18 00:00:00+00:00,DOT,8105.0,384.0,129.0,18.0,8646.0,39.04596638174731
2021-11-19 00:00:00+00:00,DOT,4172.0,327.0,121.0,24.0,4660.0,41.261021483246864
2021-11-20 00:00:00+00:00,DOT,3690.0,441.0,89.0,19.0,4239.0,42.060426695891536
2021-11-21 00:00:00+00:00,DOT,881.0,475.0,122.0,9.0,1489.0,42.0057082205169
2021-11-22 00:00:00+00:00,DOT,9057.0,307.0,108.0,19.0,9499.0,39.4478742396351
2021-11-23 00:00:00+00:00,DOT,2509.0,371.0,82.0,13.0,2985.0,40.791042460730225
2021-11-24 00:00:00+00:00,DOT,1796.0,329.0,114.0,13.0,2257.0,38.36587570114219
2021-11-25 00:00:00+00:00,DOT,5646.0,358.0,88.0,20.0,6114.0,39.446375620455946
2021-11-26 00:00:00+00:00,DOT,6605.0,409.0,84.0,23.0,7130.0,34.38590507329879
2021-11-27 00:00:00+00:00,DOT,1212.0,374.0,85.0,7.0,1680.0,35.18669844179358
2021-11-28 00:00:00+00:00,DOT,609.0,581.0,179.0,8.0,1384.0,35.76512056035379
2021-11-29 00:00:00+00:00,DOT,974.0,499.0,99.0,13.0,1597.0,37.16265571906139
2021-11-30 00:00:00+00:00,DOT,19342.0,391.0,73.0,10.0,19818.0,37.96049409219502
2021-12-01 00:00:00+00:00,DOT,5974.0,312.0,98.0,27.0,6424.0,36.77326646341981
