datetime,asset,social_volume_twitter,social_volume_reddit,social_volume_telegram,social_volume_total
2021-09-01 00:00:00+00:00,LTC,62.0,201.0,92.0,384.0
2021-09-02 00:00:00+00:00,LTC,55.0,188.0,124.0,391.0
2021-09-03 00:00:00+00:00,LTC,71.0,425.0,218.0,768.0
2021-09-04 00:00:00+00:00,LTC,53.0,501.0,137.0,732.0
2021-09-05 00:00:00+00:00,LTC,70.0,311.0,145.0,588.0
2021-09-06 00:00:00+00:00,LTC,53.0,296.0,61.0,443.0
2021-09-07 00:00:00+00:00,LTC,71.0,199.0,138.0,443.0
2021-09-08 00:00:00+00:00,LTC,144.0,170.0,76.0,423.0
2021-09-09 00:00:00+00:00,LTC,30.0,178.0,95.0,327.0
2021-09-10 00:00:00+00:00,LTC,56.0,117.0,102.0,323.0
2021-09-11 00:00:00+00:00,LTC,99.0,148.0,87.0,371.0
2021-09-12 00:00:00+00:00,LTC,32.0,162.0,71.0,286.0
2021-09-13 00:00:00+00:00,LTC,566.0,2191.0,1087.0,4081.0
2021-09-14 00:00:00+00:00,LTC,260.0,649.0,215.0,1246.0
2021-09-15 00:00:00+00:00,LTC,74.0,275.0,161.0,565.0
2021-09-16 00:00:00+00:00,LTC,98.0,429.0,76.0,653.0
2021-09-17 00:00:00+00:00,LTC,80.0,183.0,44.0,366.0
2021-09-18 00:00:00+00:00,LTC,95.0,141.0,82.0,350.0
2021-09-19 00:00:00+00:00,LTC,93.0,94.0,99.0,316.0
2021-09-20 00:00:00+00:00,LTC,64.0,73.0,97.0,284.0
2021-09-21 00:00:00+00:00,LTC,76.0,95.0,58.0,264.0
2021-09-22 00:00:00+00:00,LTC,97.0,123.0,84.0,342.0
2021-09-23 00:00:00+00:00,LTC,82.0,159.0,55.0,323.0
2021-09-24 00:00:00+00:00,LTC,85.0,132.0,63.0,313.0
2021-09-25 00:00:00+00:00,LTC,60.0,110.0,37.0,228.0
2021-09-26 00:00:00+00:00,LTC,62.0,106.0,127.0,315.0
2021-09-27 00:00:00+00:00,LTC,127.0,128.0,144.0,431.0
2021-09-28 00:00:00+00:00,LTC,77.0,130.0,74.0,305.0
2021-09-29 00:00:00+00:00,LTC,69.0,111.0,68.0,285.0
2021-09-30 00:00:00+00:00,LTC,104.0,96.0,49.0,276.0
2021-10-01 00:00:00+00:00,LTC,166.0,132.0,67.0,412.0
2021-10-02 00:00:00+00:00,LTC,52.0,120.0,81.0,313.0
2021-10-03 00:00:00+00:00,LTC,63.0,93.0,41.0,229.0
2021-10-04 00:00:00+00:00,LTC,76.0,115.0,54.0,273.0
2021-10-05 00:00:00+00:00,LTC,131.0,167.0,102.0,463.0
2021-10-06 00:00:00+00:00,LTC,57.0,203.0,189.0,487.0
2021-10-07 00:00:00+00:00,LTC,147.0,183.0,118.0,488.0
2021-10-08 00:00:00+00:00,LTC,190.0,177.0,117.0,512.0
2021-10-09 00:00:00+00:00,LTC,95.0,154.0,98.0,384.0
2021-10-10 00:00:00+00:00,LTC,69.0,168.0,113.0,375.0
2021-10-11 00:00:00+00:00,LTC,102.0,203.0,134.0,473.0
2021-10-12 00:00:00+00:00,LTC,153.0,207.0,129.0,552.0
2021-10-13 00:00:00+00:00,LTC,115.0,307.0,140.0,618.0
2021-10-14 00:00:00+00:00,LTC,113.0,219.0,129.0,514.0
2021-10-15 00:00:00+00:00,LTC,86.0,204.0,190.0,525.0
2021-10-16 00:00:00+00:00,LTC,49.0,148.0,131.0,372.0
2021-10-17 00:00:00+00:00,LTC,60.0,108.0,85.0,282.0
2021-10-18 00:00:00+00:00,LTC,39.0,127.0,92.0,281.0
2021-10-19 00:00:00+00:00,LTC,51.0,163.0,106.0,347.0
2021-10-20 00:00:00+00:00,LTC,137.0,198.0,215.0,585.0
2021-10-21 00:00:00+00:00,LTC,66.0,251.0,136.0,492.0
2021-10-22 00:00:00+00:00,LTC,118.0,166.0,86.0,404.0
2021-10-23 00:00:00+00:00,LTC,106.0,89.0,97.0,320.0
2021-10-24 00:00:00+00:00,LTC,67.0,99.0,145.0,343.0
2021-10-25 00:00:00+00:00,LTC,43.0,219.0,128.0,409.0
2021-10-26 00:00:00+00:00,LTC,50.0,150.0,76.0,311.0
2021-10-27 00:00:00+00:00,LTC,108.0,230.0,136.0,501.0
2021-10-28 00:00:00+00:00,LTC,157.0,159.0,121.0,467.0
2021-10-29 00:00:00+00:00,LTC,127.0,346.0,109.0,608.0
2021-10-30 00:00:00+00:00,LTC,75.0,250.0,114.0,485.0
2021-10-31 00:00:00+00:00,LTC,89.0,191.0,110.0,417.0
2021-11-01 00:00:00+00:00,LTC,102.0,210.0,116.0,452.0
2021-11-02 00:00:00+00:00,LTC,127.0,208.0,127.0,487.0
2021-11-03 00:00:00+00:00,LTC,87.0,220.0,204.0,560.0
2021-11-04 00:00:00+00:00,LTC,78.0,218.0,189.0,512.0
2021-11-05 00:00:00+00:00,LTC,53.0,228.0,124.0,455.0
2021-11-06 00:00:00+00:00,LTC,51.0,173.0,108.0,365.0
2021-11-07 00:00:00+00:00,LTC,66.0,186.0,101.0,380.0
2021-11-08 00:00:00+00:00,LTC,131.0,291.0,225.0,700.0
2021-11-09 00:00:00+00:00,LTC,682.0,850.0,520.0,2148.0
2021-11-10 00:00:00+00:00,LTC,219.0,524.0,339.0,1136.0
2021-11-11 00:00:00+00:00,LTC,134.0,221.0,116.0,496.0
2021-11-12 00:00:00+00:00,LTC,301.0,258.0,131.0,729.0
2021-11-13 00:00:00+00:00,LTC,254.0,199.0,92.0,565.0
2021-11-14 00:00:00+00:00,LTC,333.0,221.0,145.0,738.0
2021-11-15 00:00:00+00:00,LTC,389.0,398.0,126.0,969.0
2021-11-16 00:00:00+00:00,LTC,180.0,205.0,103.0,511.0
2021-11-17 00:00:00+00:00,LTC,163.0,110.0,103.0,410.0
2021-11-18 00:00:00+00:00,LTC,364.0,151.0,144.0,689.0
2021-11-19 00:00:00+00:00,LTC,227.0,118.0,86.0,455.0
2021-11-20 00:00:00+00:00,LTC,261.0,101.0,64.0,439.0
2021-11-21 00:00:00+00:00,LTC,169.0,165.0,119.0,471.0
2021-11-22 00:00:00+00:00,LTC,220.0,116.0,95.0,448.0
2021-11-23 00:00:00+00:00,LTC,211.0,144.0,58.0,433.0
2021-11-24 00:00:00+00:00,LTC,149.0,120.0,79.0,378.0
2021-11-25 00:00:00+00:00,LTC,226.0,144.0,94.0,479.0
2021-11-26 00:00:00+00:00,LTC,162.0,129.0,121.0,435.0
2021-11-27 00:00:00+00:00,LTC,251.0,173.0,78.0,521.0
2021-11-28 00:00:00+00:00,LTC,206.0,221.0,134.0,592.0
2021-11-29 00:00:00+00:00,LTC,215.0,167.0,100.0,522.0
2021-11-30 00:00:00+00:00,LTC,184.0,158.0,101.0,473.0
2021-12-01 00:00:00+00:00,LTC,283.0,181.0,71.0,579.0
