datetime,asset,social_volume_twitter,social_volume_reddit,social_volume_telegram,social_volume_total,price_usd
2021-09-01 00:00:00+00:00,SOL,1317.0,1001.0,1139.0,3602.0,111.03300412066226
2021-09-02 00:00:00+00:00,SOL,411.0,1178.0,1270.0,3005.0,128.10239236026584
2021-09-03 00:00:00+00:00,SOL,587.0,2744.0,2038.0,5649.0,146.58305168479222
2021-09-04 00:00:00+00:00,SOL,436.0,1647.0,1376.0,3631.0,139.1130621403495
2021-09-05 00:00:00+00:00,SOL,443.0,1109.0,1057.0,2694.0,142.07087706200767
2021-09-06 00:00:00+00:00,SOL,704.0,1735.0,1436.0,4051.0,164.3809209006533
2021-09-07 00:00:00+00:00,SOL,1082.0,3626.0,3736.0,8914.0,173.14892870553976
2021-09-08 00:00:00+00:00,SOL,961.0,1948.0,2173.0,5318.0,191.04139002234567
2021-09-09 00:00:00+00:00,SOL,2309.0,2929.0,3280.0,8926.0,188.19579357689233
2021-09-10 00:00:00+00:00,SOL,1688.0,1483.0,2174.0,5579.0,179.86522803170942
2021-09-11 00:00:00+00:00,SOL,1944.0,1230.0,1483.0,4870.0,178.86787701527712
2021-09-12 00:00:00+00:00,SOL,1026.0,1270.0,1407.0,3848.0,174.53762156521535
2021-09-13 00:00:00+00:00,SOL,582.0,1169.0,1601.0,3537.0,169.2695504949435
2021-09-14 00:00:00+00:00,SOL,1661.0,3261.0,3134.0,8360.0,158.0948127440064
2021-09-15 00:00:00+00:00,SOL,1222.0,2794.0,2320.0,6650.0,159.11738318124713
2021-09-16 00:00:00+00:00,SOL,823.0,886.0,1204.0,3024.0,152.47405330757454
2021-09-17 00:00:00+00:00,SOL,645.0,644.0,1127.0,2593.0,147.5930697400483
2021-09-18 00:00:00+00:00,SOL,1000.0,1159.0,1159.0,3440.0,169.18422260721866
2021-09-19 00:00:00+00:00,SOL,480.0,600.0,608.0,1748.0,152.5166971971766
2021-09-20 00:00:00+00:00,SOL,394.0,420.0,691.0,1626.0,132.13446623399767
2021-09-21 00:00:00+00:00,SOL,453.0,378.0,596.0,1594.0,123.95039205067694
2021-09-22 00:00:00+00:00,SOL,525.0,294.0,528.0,1525.0,147.92426150680578
2021-09-23 00:00:00+00:00,SOL,727.0,367.0,492.0,1703.0,149.9016792900873
2021-09-24 00:00:00+00:00,SOL,586.0,261.0,484.0,1432.0,139.3956404566221
2021-09-25 00:00:00+00:00,SOL,443.0,262.0,406.0,1229.0,136.17892774904342
2021-09-26 00:00:00+00:00,SOL,524.0,258.0,692.0,1574.0,135.69937624313874
2021-09-27 00:00:00+00:00,SOL,620.0,445.0,550.0,1728.0,136.72843126153947
2021-09-28 00:00:00+00:00,SOL,767.0,291.0,330.0,1465.0,131.5372113463068
2021-09-29 00:00:00+00:00,SOL,595.0,281.0,361.0,1322.0,135.3514508783679
2021-09-30 00:00:00+00:00,SOL,978.0,254.0,356.0,1639.0,141.06904455002442
2021-10-01 00:00:00+00:00,SOL,1075.0,445.0,554.0,2177.0,161.6823720766656
2021-10-02 00:00:00+00:00,SOL,1389.0,371.0,422.0,2311.0,169.09301978491985
2021-10-03 00:00:00+00:00,SOL,978.0,401.0,388.0,1826.0,172.58915891656642
2021-10-04 00:00:00+00:00,SOL,1068.0,430.0,505.0,2068.0,166.73191296739654
2021-10-05 00:00:00+00:00,SOL,1065.0,282.0,554.0,1970.0,164.11582803319874
2021-10-06 00:00:00+00:00,SOL,790.0,296.0,646.0,1901.0,154.10774783942324
2021-10-07 00:00:00+00:00,SOL,662.0,327.0,493.0,1617.0,154.28119530065368
2021-10-08 00:00:00+00:00,SOL,709.0,472.0,643.0,1931.0,158.9492063189432
2021-10-09 00:00:00+00:00,SOL,598.0,398.0,407.0,1512.0,156.8258370326067
2021-10-10 00:00:00+00:00,SOL,779.0,358.0,375.0,1600.0,148.04871243060478
2021-10-11 00:00:00+00:00,SOL,714.0,404.0,542.0,1778.0,144.85814047868934
2021-10-12 00:00:00+00:00,SOL,1184.0,386.0,444.0,2114.0,152.73711857123328
2021-10-13 00:00:00+00:00,SOL,745.0,389.0,350.0,1571.0,148.17603458652349
2021-10-14 00:00:00+00:00,SOL,899.0,279.0,384.0,1630.0,149.75680612556542
2021-10-15 00:00:00+00:00,SOL,834.0,381.0,331.0,1644.0,162.5962098262119
2021-10-16 00:00:00+00:00,SOL,668.0,251.0,323.0,1317.0,157.53881675762395
2021-10-17 00:00:00+00:00,SOL,436.0,283.0,252.0,1043.0,159.7437977507244
2021-10-18 00:00:00+00:00,SOL,494.0,352.0,259.0,1146.0,157.23127091283524
2021-10-19 00:00:00+00:00,SOL,437.0,236.0,303.0,1047.0,156.01703171249548
2021-10-20 00:00:00+00:00,SOL,556.0,463.0,391.0,1492.0,175.94687074025504
2021-10-21 00:00:00+00:00,SOL,396.0,558.0,666.0,1753.0,190.31843650580134
2021-10-22 00:00:00+00:00,SOL,483.0,956.0,1097.0,2626.0,196.43153520000172
2021-10-23 00:00:00+00:00,SOL,397.0,469.0,527.0,1429.0,197.7038513660726
2021-10-24 00:00:00+00:00,SOL,1070.0,351.0,487.0,1978.0,202.36198314073934
2021-10-25 00:00:00+00:00,SOL,607.0,709.0,602.0,2001.0,210.10429315983995
2021-10-26 00:00:00+00:00,SOL,1285.0,381.0,466.0,2212.0,199.80725670916365
2021-10-27 00:00:00+00:00,SOL,587.0,375.0,420.0,1441.0,183.77459910019252
2021-10-28 00:00:00+00:00,SOL,579.0,426.0,337.0,1411.0,194.86398453699073
2021-10-29 00:00:00+00:00,SOL,747.0,445.0,313.0,1563.0,200.18274716804314
2021-10-30 00:00:00+00:00,SOL,702.0,318.0,292.0,1351.0,195.41605793543744
2021-10-31 00:00:00+00:00,SOL,563.0,289.0,268.0,1194.0,202.4210134082633
2021-11-01 00:00:00+00:00,SOL,623.0,435.0,419.0,1525.0,203.54508436591752
2021-11-02 00:00:00+00:00,SOL,1110.0,578.0,457.0,2205.0,220.2395873664264
2021-11-03 00:00:00+00:00,SOL,1334.0,1095.0,805.0,3394.0,242.89881450259173
2021-11-04 00:00:00+00:00,SOL,1766.0,1050.0,581.0,3586.0,247.3877778365198
2021-11-05 00:00:00+00:00,SOL,1269.0,696.0,507.0,2589.0,236.47433436933983
2021-11-06 00:00:00+00:00,SOL,696.0,1002.0,722.0,2524.0,258.9343120927144
2021-11-07 00:00:00+00:00,SOL,767.0,2241.0,617.0,3764.0,249.82348295412245
2021-11-08 00:00:00+00:00,SOL,1525.0,1821.0,645.0,4159.0,248.46717836252577
2021-11-09 00:00:00+00:00,SOL,1732.0,1000.0,616.0,3746.0,239.21313838728085
2021-11-10 00:00:00+00:00,SOL,1839.0,704.0,422.0,3132.0,233.77951850051215
2021-11-11 00:00:00+00:00,SOL,3002.0,502.0,345.0,3932.0,234.2407495987068
2021-11-12 00:00:00+00:00,SOL,4146.0,584.0,396.0,5230.0,228.50209704217235
2021-11-13 00:00:00+00:00,SOL,3519.0,550.0,306.0,4495.0,241.07289972959575
2021-11-14 00:00:00+00:00,SOL,2833.0,541.0,299.0,3761.0,238.42552370660653
2021-11-15 00:00:00+00:00,SOL,3079.0,842.0,343.0,4332.0,237.55360184600337
2021-11-16 00:00:00+00:00,SOL,2345.0,509.0,328.0,3278.0,219.23903360952193
2021-11-17 00:00:00+00:00,SOL,2674.0,493.0,330.0,3558.0,218.7152397948479
2021-11-18 00:00:00+00:00,SOL,2384.0,444.0,409.0,3345.0,195.48741079662148
2021-11-19 00:00:00+00:00,SOL,2429.0,393.0,303.0,3216.0,215.28002029344296
2021-11-20 00:00:00+00:00,SOL,5399.0,1052.0,300.0,6821.0,218.0152752133973
2021-11-21 00:00:00+00:00,SOL,7443.0,836.0,394.0,8770.0,231.28262894407737
2021-11-22 00:00:00+00:00,SOL,8302.0,403.0,322.0,9127.0,215.7372763886507
2021-11-23 00:00:00+00:00,SOL,6799.0,429.0,387.0,7698.0,221.83690390273253
2021-11-24 00:00:00+00:00,SOL,3659.0,411.0,429.0,4557.0,206.07013579532855
2021-11-25 00:00:00+00:00,SOL,3755.0,354.0,289.0,4457.0,209.8664071399352
2021-11-26 00:00:00+00:00,SOL,3799.0,309.0,340.0,4566.0,191.51174886188934
2021-11-27 00:00:00+00:00,SOL,2890.0,440.0,365.0,3756.0,193.10215934552906
2021-11-28 00:00:00+00:00,SOL,2139.0,461.0,263.0,2945.0,200.67664860789878
2021-11-29 00:00:00+00:00,SOL,1914.0,359.0,256.0,2630.0,204.31936281834305
2021-11-30 00:00:00+00:00,SOL,1823.0,433.0,392.0,2790.0,208.67098533401025
2021-12-01 00:00:00+00:00,SOL,2390.0,582.0,376.0,3461.0,229.79923428572292
